DATA DA VISTORIA,EMPRESA,EQUIPAMENTO,MODELO,PLACA,DATA RETORNO,SITUAÇÃO,STATUS,OBSERVACOES
2025-06-18,CDR,CAMINHÃO,,PQV9C43,2025-09-16,APROVADO,🚨 VENCIDO,-
2025-06-18,SERRA AZUL,ONIBUS,,TJH5J91,2025-07-18,APROVADO,🚨 VENCIDO,-
2025-06-23,SERRA AZUL,ONIBUS,ONIBUS,FZZ1E22,2025-07-23,APROVADO,🚨 VENCIDO,-
2025-06-26,CDR,CAMINHÃO,,RBZ7C12,2025-09-24,APROVADO,🚨 VENCIDO,-
2025-06-26,CDR,CAMINHÃO,,QTQ2H55,2025-09-24,APROVADO,🚨 VENCIDO,-
2025-06-30,SERRA AZUL,ONIBUS,,GBW1I17,2025-07-30,APROVADO,🚨 VENCIDO,-
2025-07-01,CDR,CAMINHÃO,,JFK8I21,2025-09-29,APROVADO,🚨 VENCIDO,-
2025-07-07,CDR,CAMINHÃO,,QTQ2825,2025-10-05,APROVADO,🚨 VENCIDO,-
2025-07-07,CDR,CARRO,,RCA6D32,2025-10-05,APROVADO,🚨 VENCIDO,-
2025-07-08,SERRA AZUL,ONIBUS,ONIBUS,EYX4H92,2025-08-07,APROVADO,🚨 VENCIDO,-
2025-07-10,ALMA LOGISTICA,CARRO,,QAV5D89,2025-10-08,APROVADO,🚨 VENCIDO,-
2025-07-10,JVS TRANSPORTES,CAMINHÃO,64898,RMY3D52,2025-10-08,APROVADO,🚨 VENCIDO,-
2025-07-10,SERRA AZUL,ONIBUS,ONIBUS,FXK8H67,2025-08-09,APROVADO,🚨 VENCIDO,-
2025-07-10,SERRA AZUL,ONIBUS,ONIBUS,ENE4C25,2025-08-09,APROVADO,🚨 VENCIDO,-
2025-07-10,65290,CARRETA,65290,65290,2025-10-08,APROVADO,🚨 VENCIDO,-
2025-07-10,65316,CARRETA,65319,65316,2025-10-08,APROVADO,🚨 VENCIDO,-
2025-07-14,UNICALD MONTAGEM INDUSTRIAL,CARRO,CARRO,HNM4A78,2025-10-12,APROVADO,🚨 VENCIDO,-
2025-07-14,RODRIGO AUTOELETRICA,CARRO,SAVEIRO,FYR0156,2025-10-12,APROVADO,🚨 VENCIDO,-
2025-07-16,SERRA AZUL,ONIBUS,ONIBUS,RZL3C28,2025-08-15,APROVADO,🚨 VENCIDO,-
2025-07-22,SERRA AZUL,ONIBUS,ONIBUS,SVS9F97,2025-08-21,APROVADO,🚨 VENCIDO,-
2025-07-22,SERRA AZUL,ONIBUS,ONIBUS,FTV2B71,2025-08-21,APROVADO,🚨 VENCIDO,-
2025-07-23,SERRA AZUL,ONIBUS,ONIBUS,TJH5J91,2025-08-22,APROVADO,🚨 VENCIDO,-
2025-07-23,SERRA AZUL,ONIBUS,ONIBUS,FLIG121,2025-08-22,APROVADO,🚨 VENCIDO,-
2025-07-24,SERRAPILHA LOCAÇÃO,CARRO,STRADA,EUZ5F24,2025-10-22,APROVADO,🚨 VENCIDO,-
2025-07-24,SERRAPILHA LOCAÇÃO,CARRO,STRADA,FSM5825,2025-10-22,APROVADO,🚨 VENCIDO,-
2025-07-24,SERRA AZUL,ONIBUS,ONIBUS,PHF9B00,2025-08-23,APROVADO,🚨 VENCIDO,-
2025-07-24,SERRA AZUL,ONIBUS,ONIBUS,FTA9E37,2025-08-23,APROVADO,🚨 VENCIDO,-
2025-07-24,SERRA AZUL,ONIBUS,ONIBUS,FCL9E41,2025-08-23,APROVADO,🚨 VENCIDO,-
2025-07-25,CDR,TRATOR,BH205I,BH205I,2025-10-23,APROVADO,🚨 VENCIDO,-
2025-07-28,SERRA AZUL,ONIBUS,ONIBUS,PHD2E50,2025-08-27,APROVADO,🚨 VENCIDO,-
2025-07-31,SERRA AZUL,ONIBUS,ONIBUS,BWQ9F16,2025-08-30,APROVADO,🚨 VENCIDO,-
2025-08-01,SERRA AZUL,ONIBUS,ONIBUS,EFI6D57,2025-08-31,APROVADO,🚨 VENCIDO,-
2025-08-07,SERRA AZUL,ONIBUS,van,FXK8467,2025-09-06,APROVADO,🚨 VENCIDO,-
2025-08-08,SERRA AZUL,ONIBUS,ONIBUS,ENE4C26,2025-09-07,APROVADO,🚨 VENCIDO,-
2025-08-08,MATIAS MECANIZAÇÃO,RETRO ,RETRO,64311,2025-11-06,APROVADO,🚨 VENCIDO,-
2025-08-08,MATIAS MECANIZAÇÃO,RETRO ,RETRO,64039,2025-11-06,APROVADO,🚨 VENCIDO,-
2025-08-08,RG SERVIÇOS,CARRO,CARRO,QAC3A40,2025-11-06,APROVADO,🚨 VENCIDO,-
2025-08-14,MATIAS MECANIZAÇÃO,CARRO,CARRO,BRQ4H74,2025-11-12,APROVADO,🚨 VENCIDO,-
2025-08-15,SERRA AZUL,ONIBUS,ONIBUS,RZL3C28,2025-09-14,APROVADO,🚨 VENCIDO,-
2025-08-15,SERRA AZUL,ONIBUS,ONIBUS,SVS9F97,2025-09-14,APROVADO,🚨 VENCIDO,-
2025-08-22,SERRA AZUL,CAMINHÃO,CAMINHÃO,GFZ8J26,2025-11-20,APROVADO,🚨 VENCIDO,-
2025-08-23,SERRA AZUL,ONIBUS,ONIBUS,FTV2B71,2025-09-22,APROVADO,🚨 VENCIDO,-
2025-08-27,SERRA AZUL,ONIBUS,ONIBUS,EFI6D57,2025-09-26,APROVADO,🚨 VENCIDO,-
2025-08-27,YETRO TRANSPORTES,CAMINHÃO,CAMINHÃO,GAE0G27,2025-11-25,APROVADO,🚨 VENCIDO,-
2025-08-28,SERRA AZUL,ONIBUS,ONIBUS,PHF9B00,2025-09-27,APROVADO,🚨 VENCIDO,-
2025-09-03,GMA AGRICOLA PLANT,CAMINHÃO,MUNCK,KKO6I16,2025-12-02,APROVADO,🚨 VENCIDO,-
2025-09-03,SERRA AZUL,ONIBUS,ONIBUS,FTA8F37,2025-10-03,REPROVADO,❌ PENDENTE,-
2025-09-03,EDSON,CAMINHÃO,MUNCK,ISDI592,2025-12-02,APROVADO,🚨 VENCIDO,-
2025-09-04,LG,CARRO,,SCZ5D46,2025-12-03,APROVADO,🚨 VENCIDO,-
2025-09-10,NÃO INFORMADO,CAVALO,CAVALO,64795,2025-12-09,APROVADO,🚨 VENCIDO,-
2025-09-10,NÃO INFORMADO,CARRO,GOL,PRL3L43,2025-12-09,APROVADO,🚨 VENCIDO,-
2025-09-10,NÃO INFORMADO,CAMINHÃO,AXOR 2544 S 6X4,64960,2025-12-09,APROVADO,🚨 VENCIDO,-
2025-09-11,SERRA AZUL,ONIBUS,ONIBUS,GHR2E74,2025-10-11,APROVADO,🚨 VENCIDO,-
2025-09-11,SERRA AZUL,ONIBUS,VAN,FXK8467,2025-10-11,APROVADO,🚨 VENCIDO,-
2025-09-19,SERRA AZUL,ONIBUS,ONIBUS,RZL3C28,2025-10-19,APROVADO,🚨 VENCIDO,-
2025-09-19,SERRA AZUL,ONIBUS,ONIBUS,FTA9F37,2025-10-19,APROVADO,🚨 VENCIDO,-
2025-10-02,JOSE CARLOS DE FREITAS JUNIOR CIA LTDA,ONIBUS,ONIBUS,GBW1I17,2025-11-01,APROVADO,🚨 VENCIDO,-
2025-10-03,NÃO INFORMADO,CAMINHÃO,CAMINHÃO,QQT5B76,2026-01-01,APROVADO,🚨 VENCIDO,-
2025-10-06,Spirandelli,PATROL,PATROL,64787,2026-01-04,APROVADO,🚨 VENCIDO,-
2025-10-06,Spirandelli,PÁ CARREGADORA,PÁ CARREGADORA,64826,2026-01-04,APROVADO,🚨 VENCIDO,-
2025-10-06,Spirandelli,PÁ CARREGADORA,PÁ CARREGADORA,72047,2026-01-04,APROVADO,🚨 VENCIDO,-
2025-10-07,SERRA AZUL,ONIBUS,ONIBUS,ENE4C26,2025-11-06,APROVADO,🚨 VENCIDO,-
2025-10-07,CDR,CAMINHÃO,CAMINHÃO,PRY8E89,2026-01-05,APROVADO,🚨 VENCIDO,-
2025-10-08,CDR,CAMINHÃO,CAMINHÃO,FRYZH21,2026-01-06,APROVADO,🚨 VENCIDO,-
2025-10-10,SEALS TRANSPORTES LTDA,CAMINHÃO,64672,SMB2E4,2026-01-08,APROVADO,🚨 VENCIDO,-
2025-10-10,CDR,CAMINHÃO,CAMINHÃO,QQE7D15,2026-01-08,APROVADO,🚨 VENCIDO,-
2025-10-10,CDR,CAMINHÃO,CAMINHÃO,QTQ2H55,2026-01-08,REPROVADO,❌ PENDENTE,-
2025-10-10,CDR,CAMINHÃO,CAMINHÃO,PQD0C84,2026-01-08,REPROVADO,❌ PENDENTE,-
2025-10-13,JULIO CEZAR,CAMINHÃO,CAMINHÃO,ENH8417,2026-01-11,REPROVADO,❌ PENDENTE,-
2025-10-14,SERRA AZUL,ONIBUS,ONIBUS,TJH5J91,2025-11-13,APROVADO,🚨 VENCIDO,-
2025-10-15,OSPINANDELI AGRICOLA ,ESCAVADORA,ESCAVADORA,opcaec.230f3,2026-01-13,APROVADO,🚨 VENCIDO,-
2025-10-15,SERRA AZUL,ONIBUS,ONIBUS,PHF9B00,2025-11-14,APROVADO,🚨 VENCIDO,-
2025-10-20,RODRIGO AUTOELETRICA,CARRO,PICKUP,FYR0J56,2026-01-18,APROVADO,🚨 VENCIDO,-
2025-10-20,ADILSON CARLOS R MALTA,CARRO,CARRO,OPJ8954,2026-01-18,APROVADO,🚨 VENCIDO,-
2025-10-20,ADILSON CARLOS R MALTA,PÁ CARREGADORA,PÁ CARREGADORA,S/F,2026-01-18,APROVADO,🚨 VENCIDO,-
2025-10-22,HIDRO TREVO,CAMINHÃO,CAMINHAO,DRR5I54,2026-01-20,APROVADO,🚨 VENCIDO,-
2025-10-22,SERRA AZUL,ONIBUS,ONIBUS,BWQ9DI6,2025-11-21,APROVADO,🚨 VENCIDO,-
2025-10-23,LG TRANSPORTE ,ONIBUS,ONIBUS,GJG1C16,2025-11-22,APROVADO,🚨 VENCIDO,-
2025-10-23,AKT TRANSPORTE,CAMINHAO,CAMINHÃO,6107,2026-01-21,APROVADO,🚨 VENCIDO,-
2025-10-24,COSTA SAMPAIO,CAMINHAO,CAMINHAO,EZY9D39,2026-01-22,APROVADO,🚨 VENCIDO,-
2025-10-24,SERRA AZUL,ONIBUS,ONIBUS,6FI6D57,2025-11-23,APROVADO,🚨 VENCIDO,-
2025-10-25,TNX TRANSALVES,CAMINHAO,CAMINHAO,FXN0I92,2026-01-23,APROVADO,🚨 VENCIDO,-
2025-10-25,ARACYO S DAVERSI,CAMINHAO,CAMINHAO,BBZ9G81,2026-01-23,APROVADO,🚨 VENCIDO,-
2025-10-27,SERRA AZUL,ONIBUS,ONIBUS,FLI6I21,2025-11-26,APROVADO,🚨 VENCIDO,-
2025-10-27,SERRA AZUL,ONIBUS,ONIBUS,SVS9F97,2025-11-26,APROVADO,🚨 VENCIDO,-
2025-10-27,SERRA AZUL,ONIBUS,ONIBUS,FTV2B71,2025-11-26,APROVADO,🚨 VENCIDO,-
2025-11-10,SERRA AZUL,ONIBUS,ONIBUS,FTA9F37,2025-12-10,APROVADO,🚨 VENCIDO,-
2025-11-11,SERRA AZUL,ONIBUS,ONIBUS,TJH5J91,2025-12-11,APROVADO,🚨 VENCIDO,-
2025-11-18,MATHIAS LOCALIZAÇÃO ,ONIBUS,ONIBUS,BXD0H58,2025-12-18,APROVADO,🚨 VENCIDO,-
2025-11-18,SERRA AZUL,ONIBUS,ONIBUS,ENE4C26,2025-12-18,APROVADO,🚨 VENCIDO,-
2025-11-18,SERRA AZUL,ONIBUS,ONIBUS,GBW1I17,2025-12-18,APROVADO,🚨 VENCIDO,-
2025-11-19,MATHIAS LOCALIZAÇÃO ,ONIBUS,ONIBUS,BRQ4H74,2025-12-19,APROVADO,🚨 VENCIDO,-
2025-12-02,SERRA AZUL,ONIBUS,ONIBUS,FCL9E41,2026-01-01,APROVADO,🚨 VENCIDO,-
2025-12-08,SERRA AZUL,ONIBUS,ONIBUS,FTA9F37,2026-01-07,APROVADO,🚨 VENCIDO,-
2025-12-08,SERRA AZUL,ONIBUS,ONIBUS,FXK8467,2026-01-07,APROVADO,🚨 VENCIDO,-
2025-12-09,RG DE SOUZA LTDA,CARRO,CARRO,SLZ5D46,2026-03-09,APROVADO,🚨 VENCIDO,-
2025-12-09,SERRA AZUL,ONIBUS,ONIBUS,FTV2B71,2026-01-08,APROVADO,🚨 VENCIDO,-
2025-12-10,SERRAPILHA LOCAÇÃO,CARRO,CARRO,QUE3G30,2026-03-10,APROVADO,🚨 VENCIDO,-
2025-12-10,SERRA AZUL,ONIBUS,ONIBUS,FLI6I21,2026-01-09,APROVADO,🚨 VENCIDO,-
2025-12-12,SERRA AZUL,ONIBUS,ONIBUS,TJH5J91,2026-01-11,APROVADO,🚨 VENCIDO,-
2025-12-19,SERRA AZUL,ONIBUS,ONIBUS,FZZ1E22,2026-01-18,APROVADO,🚨 VENCIDO,-
2025-12-22,PARANAGUA,CAMINHONETE,CAMINHONETE,KAV1433,2026-03-22,REPROVADO,❌ PENDENTE,-
2025-12-29,SERRA AZUL,ONIBUS,ONIBUS,PHF9B00,2026-01-28,APROVADO,🚨 VENCIDO,-
2026-01-05,SERRA AZUL,ONIBUS,ONIBUS,SVS9F97,2026-02-04,APROVADO,🚨 VENCIDO,-
2026-01-05,SERRA AZUL,ONIBUS,ONIBUS,GHR2E74,2026-02-04,APROVADO,🚨 VENCIDO,-
2025-11-24,SERRA AZUL,ONIBUS,ONIBUS,BWQ916,2025-12-24,APROVADO,🚨 VENCIDO,-
2025-12-29,SERRA AZUL,ONIBUS,ONIBUS,SVS9F97,2026-01-28,APROVADO,🚨 VENCIDO,-
2026-01-08,CONTRAFIO,ONIBUS,ONIBUS,FNM0H13,2026-02-07,APROVADO,🚨 VENCIDO,-
2026-01-08,SERRA AZUL,ONIBUS,ONIBUS,FTA9F37,2026-02-07,APROVADO,🚨 VENCIDO,-
2026-01-08,SERRA AZUL,ONIBUS,ONIBUS,FTV2B71,2026-02-07,APROVADO,🚨 VENCIDO,-
2026-01-06,CONTRAFO,ONIBUS,ONIBUS,AB29209,2026-02-05,APROVADO,🚨 VENCIDO,-
2026-01-06,CONTRAFO,ONIBUS,ONIBUS,LNH7B99,2026-02-05,APROVADO,🚨 VENCIDO,-
2026-01-06,RUCAD ENGENHARIA,ONIBUS,ONIBUS,FJN6J89,2026-02-05,APROVADO,🚨 VENCIDO,-
2025-12-30,SERRA AZUL,ONIBUS,ONIBUS,FCL9E41,2026-01-29,APROVADO,🚨 VENCIDO,-
2025-12-18,SERRA AZUL,ONIBUS,ONIBUS,BZL3C28,2026-01-17,APROVADO,🚨 VENCIDO,-
2026-01-03,SERRA AZUL,ONIBUS,ONIBUS,EFI6D57,2026-02-02,APROVADO,🚨 VENCIDO,-
2026-01-07,CONTRAFO,ONIBUS,ONIBUS,KQN4C86,2026-02-06,APROVADO,🚨 VENCIDO,-
2026-01-07,CONTRAFO,ONIBUS,ONIBUS,BJJ5631,2026-02-06,APROVADO,🚨 VENCIDO,-
2025-12-17,SERRA AZUL,ONIBUS,ONIBUS,GBW1I17,2026-01-16,APROVADO,🚨 VENCIDO,-
2025-12-18,ANTONIO SOUZA,ONIBUS,ONIBUS,RWD8A64,2026-01-17,APROVADO,🚨 VENCIDO,-
2025-12-17,MATIAS MECANIZAÇÃO,ONIBUS,ONIBUS,HBZN621FPPAE15704,2026-01-16,APROVADO,🚨 VENCIDO,-
2025-12-17,SERAPILHA LOCAÇÃO ,ONIBUS,ONIBUS,HBZNW130JGAE08511,2026-01-16,APROVADO,🚨 VENCIDO,-
2025-12-19,MATIAS MECANIZAÇÃO,ONIBUS,ONIBUS,HBZN215CVMAA04545,2026-01-18,APROVADO,🚨 VENCIDO,-
2025-12-19,MATIAS MECANIZAÇÃO,ONIBUS,ONIBUS,NNAA05062,2026-01-18,APROVADO,🚨 VENCIDO,-
2025-12-19,JULIANA,ONIBUS,ONIBUS,BW99D16,2026-01-18,APROVADO,🚨 VENCIDO,-
2025-12-19,SERRA AZUL,ONIBUS,ONIBUS,ENE4C26,2026-01-18,APROVADO,🚨 VENCIDO,-
2025-12-19,FACCIOLI,ONIBUS,ONIBUS,FAC7B18,2026-01-18,APROVADO,🚨 VENCIDO,-
2025-12-16,SERAPILHA LOCAÇÃO ,ONIBUS,ONIBUS,FSMS825,2026-01-15,APROVADO,🚨 VENCIDO,-
2025-12-18,SERAPILHA LOCAÇÃO ,ONIBUS,ONIBUS,HBZN0865KLAF08259,2026-01-17,APROVADO,🚨 VENCIDO,-
2026-01-09,SERRA AZUL,ONIBUS,ONIBUS,TJH5J91,2026-02-08,APROVADO,🚨 VENCIDO,-
2026-01-13,NEW IRRIGAÇÃO,ONIBUS,ONIBUS,DSV3J05,2026-02-12,APROVADO,🚨 VENCIDO,-
2026-01-13,SERRA AZUL,ONIBUS,ONIBUS,FK8467,2026-02-12,APROVADO,🚨 VENCIDO,-
2026-01-13,SERRA AZUL,ONIBUS,ONIBUS,FLI6I21,2026-02-12,APROVADO,🚨 VENCIDO,-
2026-01-13,SERRA AZUL,ONIBUS,ONIBUS,BZL3C28,2026-02-12,APROVADO,🚨 VENCIDO,-
2026-01-13,SERRA AZUL,ONIBUS,ONIBUS,ENH8417,2026-02-12,APROVADO,🚨 VENCIDO,-
2026-01-13,CONTRAFIO,ONIBUS,ONIBUS,HSG2231,2026-02-12,APROVADO,🚨 VENCIDO,-
2026-01-14,AGRO PIVOT,ONIBUS,ONIBUS,VCE220DH00240133,2026-02-13,APROVADO,🚨 VENCIDO,-
2026-01-15,CONTRAFO,ONIBUS,ONIBUS,QAZ28E73,2026-02-14,APROVADO,🚨 VENCIDO,-
2026-01-15,AGRO PIVOT,ONIBUS,ONIBUS,VCEC2200JOO246779,2026-02-14,APROVADO,🚨 VENCIDO,-
2026-02-15,AGRO PIVOT,ONIBUS,ONIBUS,XUGO121IPPE11143,2026-03-17,APROVADO,🚨 VENCIDO,-
2026-01-19,CONTRAFO,ONIBUS,ONIBUS,HQG7A73,2026-02-18,APROVADO,🚨 VENCIDO,-
2026-01-19,CONTRAFO,ONIBUS,ONIBUS,HTQ8C25,2026-02-18,APROVADO,🚨 VENCIDO,-
2026-01-20,NEW IRRIGAÇÃO,ONIBUS,ONIBUS,TKE1J24,2026-02-19,APROVADO,🚨 VENCIDO,-
2026-01-20,CONTRAFO,ONIBUS,ONIBUS,OP8D90,2026-02-19,APROVADO,🚨 VENCIDO,-
2026-01-21,CONTRAFO,CAMINHÃO MUNCK,CAMINHÃO MUNCK,PFA0B58,2026-04-21,REPROVADO,❌ PENDENTE,-
2026-01-21,CONTRAFO,CAMINHÃO MUNCK,CAMINHÃO MUNCK,HOE8H62,2026-04-21,APROVADO,🚨 VENCIDO,-
2026-01-23,CONTRAFO,CARRO,GOL G4,ASS9B36,2026-04-23,APROVADO,🚨 VENCIDO,-
2026-01-23,RODRIGO AUTOELETRICA,CARRO,PICKUP,FOW0E55,2026-04-23,APROVADO,🚨 VENCIDO,-
2026-01-23,ANDRADE TRUCK,CARRO,CARRO,NRU5G10,2026-04-23,APROVADO,🚨 VENCIDO,-
2026-01-23,UNIAGRO,CARRO,GOL G6,BPO7G74,2026-04-23,APROVADO,🚨 VENCIDO,-
2026-01-26,UNIAGRO,CARRO,CARRO,FPC5916,2026-04-26,APROVADO,🚨 VENCIDO,-
2026-01-26,SERRA AZUL,ONIBUS,MICRO ONIBUS,GBW1I17,2026-02-25,APROVADO,🚨 VENCIDO,-
2026-01-27,CONTRAFO,CAMINHONETE,D20,GUE0300,2026-04-27,APROVADO,🚨 VENCIDO,-
2026-01-28,SERRA AZUL,ONIBUS,MICRO ONIBUS,FZZ1E22,2026-02-27,APROVADO,🚨 VENCIDO,-
2026-01-29,EDSON,CAMINHÃO MUNCK,CAMINHÃO MUNCK,HFJ6D68,2026-04-29,APROVADO,🚨 VENCIDO,-
2026-01-29,EDSON,CAMINHÃO MUNCK,CAMINHÃO MUNCK,OMQ6D40,2026-04-29,APROVADO,🚨 VENCIDO,-
2026-01-29,EDSON,CAMINHONETE,CAMINHONETE,SE04D00,2026-04-29,APROVADO,🚨 VENCIDO,-
2026-01-30,DANIEL,ONIBUS,MICRO ONIBUS,PFH9B00,2026-03-01,APROVADO,🚨 VENCIDO,-
2026-01-30,PAULINHO ,CAMINHÃO 1VECO,CAMINHÃO 1VECO,TIQ2I60,2026-04-30,APROVADO,🚨 VENCIDO,-
2026-01-31,JOSÉ AILTOM ,CAMINHÃO,CAMINHÃO,SLY8I02,2026-05-01,APROVADO,🚨 VENCIDO,-
2026-02-02,DANIEL ,ONIBUS,MICRO ONIBUS,EFI6D57,2026-03-04,APROVADO,🚨 VENCIDO,-
2026-02-03,TRANS CORTEZ ,CAMINHÃO,CAMINHÃO,HR09B77,2026-05-04,APROVADO,🚨 VENCIDO,-
2026-01-22,DOLGRAS DANIEL,CARRO ,GOL G6,EEI1692,2026-04-22,APROVADO,🚨 VENCIDO,-
2026-01-22,DOLGRAS DANIEL,PICAPE ESTRADA,PICAPE ESTRADA,SEN3C88,2026-04-22,APROVADO,🚨 VENCIDO,-
2026-02-03,TRANS CORTEZ ,CAMINHÃO,CAMINHÃO ,ETL8D89,2026-05-04,APROVADO,🚨 VENCIDO,-
2026-02-03,TRANS CORTEZ ,CAMINHÃO,CAMINHÃO ,EBF9B43,2026-05-04,APROVADO,🚨 VENCIDO,-
2026-02-05,DANIEL,ONIBUS,ONIBUS,SVS9F97,2026-03-07,APROVADO,🚨 VENCIDO,-
2026-02-05,DANIEL,ONIBUS,ONIBUS,BZL3E28,2026-03-07,APROVADO,🚨 VENCIDO,-
2026-02-06,DANIEL ,ONIBUS ,ONIBUS,GHR2E74,2026-05-07,REPROVADO,❌ PENDENTE,-
2026-02-09,DANIEL,ONIBUS ,MICRO ONIBUS,FCL9E41,2026-05-10,APROVADO,🚨 VENCIDO,-
2026-02-10,ALEXANDRE ,CARRO,CARRO ,FUA9E89,2026-05-11,APROVADO,🚨 VENCIDO,-
2026-02-11,DANIEL,ONIBUS,ONIBUS,ENE4C26,2026-03-13,APROVADO,🚨 VENCIDO,-
2026-02-11,DANIEL,ONIBUS,ONIBUS,GHR2E74,2026-03-13,APROVADO,🚨 VENCIDO,-
2026-02-11,DANIEL,ONIBUS ,MICRO ONIBUS,BWQ9D16,2026-05-12,APROVADO,🚨 VENCIDO,-
2026-02-16,DANIEL,ONIBUS,MICRO ONIBUS,FTV5B71,2026-03-18,REPROVADO,❌ PENDENTE,-
2026-02-13,TRANS CORTEZ ,CAMINHÃO,CAMINHÃO,MGT9E24,2026-05-14,APROVADO,🚨 VENCIDO,-
2026-02-17,DANIEL,ONIBUS,MICRO ONIBUS,FTV2B71,2026-03-19,APROVADO,🚨 VENCIDO,-
2026-02-17,DANIEL,ONIBUS,MICRO ONIBUS,TJH5J91,2026-03-19,APROVADO,🚨 VENCIDO,-
2026-03-07,RENATO JOSÉ,CAMINHÃO ,TRANSBORDO ,BXF5401,2026-06-05,APROVADO,✅ NO PRAZO,-
2026-02-17,DANIEL,ONIBUS ,ONIBUS,FTA9F37,2026-05-18,APROVADO,🚨 VENCIDO,-
2026-02-19,DANIEL,ONIBUS ,ONIBUS,EOV3E03,2026-05-20,APROVADO,🚨 VENCIDO,-
2026-02-24,RENATO JOSÉ ,CAMINHÃO,CAMINHÃO,CWD7D69,2026-05-25,APROVADO,⚠️ VENCE HOJE,-
2026-02-20,AGRO PIVOT,ROLO,COMPAQUITADOR,12309018,2026-05-21,APROVADO,🚨 VENCIDO,-
2026-02-27,DANIEL,ONIBUS,MICRO ONIBUS,GBW1I17,2026-03-29,APROVADO,🚨 VENCIDO,-
2026-02-26,DANIEL,ONIBUS,MICRO ONIBUS,FZZ1E22,2026-03-28,APROVADO,🚨 VENCIDO,-
2026-02-26,ALEXANDRE ,PICAPE ESTRADA,PICAPE ESTRADA,BRQ4H74,2026-05-27,APROVADO,✅ NO PRAZO,-
2026-03-02,ALEXANDRE ,PICAPE ESTRADA,PICAPE ESTRADA,BXD0H58,2026-05-31,APROVADO,✅ NO PRAZO,-
2026-03-03,ALEXANDRE ,PICAPE ESTRADA,PICAPE ESTRADA,GFK0E70,2026-06-01,APROVADO,✅ NO PRAZO,-
2026-03-03,DANIEL,ONIBUS,MICRO ONIBUS,EFI6D57,2026-04-02,APROVADO,🚨 VENCIDO,-
2026-03-03,OSMAR,CAMINHÃO MUNCK,CAMINHÃO MUNCK,SUB0D80,2026-06-01,APROVADO,✅ NO PRAZO,-
2026-03-03,DANIEL ,ONIBUS ,MICRO ONIBUS,PHD2C50,2026-06-01,APROVADO,✅ NO PRAZO,-
2026-03-05,CAUÉ,CAMINHÃO,CAMINHÃO,HHK3973,2026-06-03,APROVADO,✅ NO PRAZO,-
2026-03-06,CELSOM,CAMINHÃO,CAMINHÃO,CUD9841,2026-06-04,APROVADO,✅ NO PRAZO,-
2026-03-06,CELSOM,CAMINHÃO, TRANBORDO ,FNF4D91,2026-06-04,APROVADO,✅ NO PRAZO,-
2026-03-06,DANIEL,ONIBUS,MICRO ONIBUS,FYH7C37,2026-04-05,APROVADO,🚨 VENCIDO,-
2026-02-23,VD SOUZA TRANSPORTE,CAMINHÃO,CAMINHÃO,0604H71,2026-05-24,APROVADO,🚨 VENCIDO,-
2026-02-12,SERAPILHA LOCAÇÃO ,CARRO GOL,CARRO GOL,FAW7G22,2026-05-13,APROVADO,🚨 VENCIDO,-
2026-03-10,DANIEL,ONIBUS,ONIBUS,FLIG121,2026-04-09,APROVADO,🚨 VENCIDO,-
2026-03-10,DANIEL ,ONIBUS ,ONIBUS ,SVS9F97,2026-06-08,APROVADO,✅ NO PRAZO,-
2026-03-10,DANIEL,ONIBUS ,MICRO ONIBUS,PHF9B00,2026-06-08,APROVADO,✅ NO PRAZO,-
2026-03-12,CELSOM,CAMINHÃO ,TRANSBORDO ,FNF4D91,2026-06-10,APROVADO,✅ NO PRAZO,-
2026-03-17,DANIEL,ONIBUS ,MICRO ONIBUS,FCL9E41,2026-06-15,APROVADO,✅ NO PRAZO,-
2026-03-19,DANIEL,ONIBUS ,MICRO ONIBUS,TJH5J91,2026-06-17,APROVADO,✅ NO PRAZO,-
2026-03-18,DANIEL,ONIBUS ,ONIBUS ,ENE4E26,2026-06-16,APROVADO,✅ NO PRAZO,-
2026-03-18,CAUÉ,CAMINHÃO,CAMINHÃO ,EEM9E98,2026-06-16,APROVADO,✅ NO PRAZO,-
2026-03-19,BATISTA,PICAPE ESTRADA,PICAPE ESTRADA,EYN5143,2026-06-17,APROVADO,✅ NO PRAZO,-
2026-03-19,DANIEL,ONIBUS,ONIBUS,GHR2E74,2026-04-18,APROVADO,🚨 VENCIDO,-
2026-03-19,DANIEL,ONIBUS ,ONIBUS,FTA9F37,2026-06-17,APROVADO,✅ NO PRAZO,-
2026-03-20,DANIEL,ONIBUS ,MICRO ONIBUS,FTV2B71,2026-06-18,APROVADO,✅ NO PRAZO,-
2026-03-26,SAMUEL,CAMINHÃO,MUNCK,REL7B41,2026-06-24,APROVADO,✅ NO PRAZO,-
2026-03-28,NEW IRRIGAÇÃO,CAMINHÃO ,MUNCK,DSV3J05,2026-06-26,APROVADO,✅ NO PRAZO,-
2026-03-28,AGRO PIVOT,SCAVADEIRA ,EC220D,XVCEC220DH00240133,2026-06-26,APROVADO,✅ NO PRAZO,-
2026-03-28,LOENEW,SCAVADEIRA ,PC,1F9210GXTLD521657,2026-06-26,APROVADO,✅ NO PRAZO,-
2026-03-31,OSMANDO,CAMINHÃO,MUNCK,TKE1J24,2026-06-29,APROVADO,✅ NO PRAZO,-
2026-03-31,DANIEL,VAM,VAM ,FXK8467,2026-06-29,APROVADO,✅ NO PRAZO,-
2026-04-06,SPIRANDELI,PA ,CARREGADEIRA,72047,2026-07-05,APROVADO,✅ NO PRAZO,-
2026-04-06,SPIRANDELI,PATROL,PATROL ,1BZ620GALND000627,2026-07-05,APROVADO,✅ NO PRAZO,-
2026-04-08,DANIEL,ONIBUS,MICRO ONIBUS,PHD2E50,2026-05-08,APROVADO,🚨 VENCIDO,-
2026-04-08,SPIRANDELI,CAMINHÃO,CAMINHÃO,HQM6613,2026-07-07,APROVADO,✅ NO PRAZO,-
2026-04-09,SERRA AZUL,ONIBUS ,ONIBUS ,IB2L3C28,2026-07-08,APROVADO,✅ NO PRAZO,-
2026-04-10,SERRA AZUL,ONIBUS ,ONIBUS ,SVS9F97,2026-07-09,REPROVADO,❌ PENDENTE,-
2026-04-14,SERRA AZUL,ONIBUS ,ONIBUS ,EJV3E03,2026-07-13,APROVADO,✅ NO PRAZO,-
2026-04-15,SERRA AZUL,ONIBUS,ONIBUS ,PHF9B00,2026-05-15,REPROVADO,❌ PENDENTE,-
2026-04-17,SERRA AZUL,ONIBUS ,MICRO ONIBUS,FTV2B71,2026-07-16,APROVADO,✅ NO PRAZO,-
2026-04-17,SERRA AZUL,ONIBUS ,ONIBUS,SVS9F97,2026-07-16,APROVADO,✅ NO PRAZO,-
2026-04-17,ALMA LOGISTICA,PICAPE ESTRADA,PICAPE ESTRADA,TXP1128,2026-07-16,APROVADO,✅ NO PRAZO,-
2026-04-17,CDR TRANSPORTADORA,HILUX,HILUX,OGS2B00,2026-07-16,APROVADO,✅ NO PRAZO,-
2026-04-17,CDR TRANSPORTADORA,HILUX,HILUX,OOU8F85,2026-07-16,APROVADO,✅ NO PRAZO,-
2026-04-17,CDR TRANSPORTADORA,SAVEIRO,SAVEIRO,QQE7D15,2026-07-16,APROVADO,✅ NO PRAZO,-
2026-04-17,CDR TRANSPORTADORA,SAVEIRO,SAVEIRO,PRY8E89,2026-07-16,APROVADO,✅ NO PRAZO,-
2026-05-04,SOTREQ,PA CARREGADEIRA ,PA CARREGADEIRA ,00938VITW500676*,2026-08-02,APROVADO,✅ NO PRAZO,-
2026-05-04,CARPANEZI &SILVA LTDA,CAMINHÃO,CAMINHÃO ,GER6G61,2026-08-02,REPROVADO,❌ PENDENTE,-
2026-05-04,,CA MINHÃO,CAMINHÃO,CUK1F62,2026-08-02,APROVADO,✅ NO PRAZO,-
2026-05-14,ALEXANDRE ,CAMINHÃO ,F.4000,ENH8417,2026-08-12,APROVADO,✅ NO PRAZO,-
2026-05-14,PGS TRANSPORTE ,CAMINHÃO ,CAMINHÃO,QUD3I67,2026-08-12,APROVADO,✅ NO PRAZO,-
2026-05-14,,CAMINHÃO,CAMINHÃO ,PUN0J81,2026-08-12,REPROVADO,❌ PENDENTE,-
2026-05-04,SOTREQ ,PA CARREGADEIRA ,PA CARREGADEIRA ,00938L5W500678*,2026-08-02,APROVADO,✅ NO PRAZO,-
2026-05-15,PGS TRANSPORTE ,CAMINHÃO ,CAMINHÃO ,QUD3I49,2026-08-13,REPROVADO,❌ PENDENTE,-
2026-05-15,PGS TRANSPORTE ,CAMINHÃO ,CANAVIEIRO ,73002,2026-08-13,APROVADO,✅ NO PRAZO,-
2026-05-15,PGS TRANSPORTE ,CAMINHÃO ,CAMINHÃO ,72984,2026-08-13,REPROVADO,❌ PENDENTE,-
2026-05-05,SERRA AZUL,ONIBUS ,ONIBUS ,FTA9F37,2026-08-03,APROVADO,✅ NO PRAZO,-
2026-05-05,CDR TRANSPORTADORA,TOYOTA ,W9,JWD7J58,2026-08-03,APROVADO,✅ NO PRAZO,-
2026-05-05,FACIONALI TRANSPORTE ,CAMINHÃO ,CAMINHÃO ,CLJ0278,2026-08-03,APROVADO,✅ NO PRAZO,-
2026-05-06,,CAMINHÃO,CAMINHÃO,GFO9E43,2026-08-04,APROVADO,✅ NO PRAZO,-
2026-05-06,SERRA AZUL,ONIBUS ,MICRO ONIBUS,GBW1I17,2026-08-04,APROVADO,✅ NO PRAZO,-
2026-05-11,EMPERIWI TRANS,CAMINHÃO ,CAMINHÃO ,CFB4G16,2026-08-09,APROVADO,✅ NO PRAZO,-
,DJR CONSTRUTORA ,CAMINHÃO ,MICRO ONIBUS,EDN4I31,,APROVADO,❌ PENDENTE,-
2026-05-13,M.A FACCIOLI LTDA,CAMINHÃO ,CAMINHÃO ,72980,2026-08-11,APROVADO,✅ NO PRAZO,-
2026-04-03,SEJHS,CAMINHÃO ,CAMINHÃO ,PPW5A82,2026-07-02,APROVADO,✅ NO PRAZO,-
2026-04-27,SERRA AZUL,ONIBUS ,ONIBUS ,FCL9E41,2026-07-26,APROVADO,✅ NO PRAZO,-
2026-04-20,,CAMINHÃO ,CAMINHÃO ,502216,2026-07-19,REPROVADO,❌ PENDENTE,-
2026-04-20,,CAMINHÃO ,COMBOIO,CO3009,2026-07-19,APROVADO,✅ NO PRAZO,-
2026-04-18,,CAMINHÃO ,CAMINHÃO ,HRL7038,2026-07-17,APROVADO,✅ NO PRAZO,-
2026-04-18,TRUANGULO LOGISTICA LTDA,CAMINHÃO ,CAMINHÃO ,SMH7D68,2026-07-17,APROVADO,✅ NO PRAZO,-
2026-04-27,SERRA AZUL,ONIBUS ,ONIBUS ,FTA2F37,2026-07-26,REPROVADO,❌ PENDENTE,-
2026-04-17,,CAMINHÃO ,CAMINHÃO ,GHD5A57,2026-07-16,APROVADO,✅ NO PRAZO,-
2026-04-17,,CAMINHÃO ,CAMINHÃO ,AGUARDANDO,2026-07-16,APROVADO,✅ NO PRAZO,-
2026-04-23,SERRA AZUL,ONIBUS ,ONIBUS ,TJH5G91 ,2026-07-22,APROVADO,✅ NO PRAZO,-
2026-04-18,,CAMINHÃO,CAMINHÃO,BXC9F83,2026-07-17,APROVADO,✅ NO PRAZO,-
2026-04-18,SEALS TRANSPORTES LTDA,CAMINHÃO ,CAMINHÃO ,72328,2026-07-17,APROVADO,✅ NO PRAZO,-
2026-04-18,TRIANGULO LOGISTICA LTDA,CAMIHÃO ,CAMINHÃO,SMH2C45,2026-07-17,APROVADO,✅ NO PRAZO,-
2026-04-18,TRIANGULO LOGISTICA LTDA,CAMIHÃO ,CAMINHÃO,72322,2026-07-17,APROVADO,✅ NO PRAZO,-
2026-04-18,,CAMINHÃO ,CAMINHAO,SWH1J84,2026-07-17,APROVADO,✅ NO PRAZO,-
2026-04-18,,CAMINHÃO ,CAMINHÃO ,DPF4114,2026-07-17,APROVADO,✅ NO PRAZO,-
2026-04-17,,CAMINHÃO,CAMINHÃO,DEX8935,2026-07-16,APROVADO,✅ NO PRAZO,-
2026-05-01,JEFERSON DA SILVA SANTOS ,STRADA ,STRADA ,FOWE55,2026-07-30,APROVADO,✅ NO PRAZO,-
2026-04-30,SERRA AZUL,ONIBUS ,ONIBUS ,EFI16D57,2026-07-29,APROVADO,✅ NO PRAZO,-
2026-04-30,SERRA AZUL,ONIBUS ,ONIBUS ,BZL3C28,2026-07-29,APROVADO,✅ NO PRAZO,-
2026-04-30,SERRA AZUL,ONIBUS ,MICRO ONIBUS,BWU9D16,2026-07-29,APROVADO,✅ NO PRAZO,-
2026-04-29,SERRA AZUL,ONIBUS ,ONIBUS ,ENE4C26,2026-07-28,APROVADO,✅ NO PRAZO,-
2026-04-22,,CAMINHÃO,CAMINHÃO,6HR2E74,2026-07-21,REPROVADO,❌ PENDENTE,-
2026-04-28,,CAMINHÃO ,CAMINHÃO,T1Q2160,2026-07-27,APROVADO,✅ NO PRAZO,-
2026-04-28,SERRA AZUL,ONIBUS ,ONIBUS ,GHR2E74,2026-07-27,APROVADO,✅ NO PRAZO,-
2026-04-30,TRANS GU ,CAMINHÃO ,CASMINHÃO ,CPR7F47,2026-07-29,APROVADO,✅ NO PRAZO,-
2026-04-16,,CAMIHÃO ,CAMINHÃO,SMB3J64,2026-07-15,APROVADO,✅ NO PRAZO,-
2026-04-16,,CAMINHÃO,CAMINHÃO,QAD7016,2026-07-15,APROVADO,✅ NO PRAZO,-
2026-04-16,ALMA LOGISTICA,CAMINHÃO ,CAMINHÃO,SMF9B74,2026-07-15,APROVADO,✅ NO PRAZO,-
2026-04-16,SERRA AZUL,ONIBUS ,ONIBUS,FLIG121,2026-07-15,APROVADO,✅ NO PRAZO,-
2026-05-19,SERRA AZUL,ONIBUS ,MICRO ONIBUS,FTV2B71,2026-08-17,APROVADO,✅ NO PRAZO,-
2026-04-13,ALMA LOGISTICA,CAMINHÃO,CAMINHÃO,67788,2026-07-12,REPROVADO,❌ PENDENTE,-
2026-04-13,ALMA LOGISTICA,CAMINHÃO,CAMINHÃO,67787,2026-07-12,APROVADO,✅ NO PRAZO,-
2026-04-13,ALMA LOGISTICA,CAMINHÃO,CAMINHÃO,67789,2026-07-12,APROVADO,✅ NO PRAZO,-
2026-04-15,AILSON CARLOS RIBEIRO,PA CARREGADEIRA ,PA CARREGADEIRA ,64792,2026-07-14,APROVADO,✅ NO PRAZO,-
2026-04-15,AILSON CARLOS RIBEIRO,MOTO NIVELADORA,MOTO NIVELADORA,72307,2026-07-14,APROVADO,✅ NO PRAZO,-
2026-03-27, J.A DA SILVA ,CAMINHÃO ,TANQUE D´AGUA,CWJ5G13,2026-06-25,REPROVADO,❌ PENDENTE,-
2026-05-20,CANAÃ,CAMINHÃO ,SCANIA ,QQT5B56,2026-08-18,APROVADO,✅ NO PRAZO,-
2026-05-21,SERRA AZUL,ONIBUS ,ONIBUS,FLIG121,2026-08-19,APROVADO,✅ NO PRAZO,-
2026-05-21,SERRA AZUL,ONIBUS,MICRO ONIBUS,PHD2C50,2026-06-20,APROVADO,✅ NO PRAZO,-
2026-05-22,SERRA AZUL,ONIBUS ,MICRO ONIBUS,PHF9B00,2026-08-20,APROVADO,✅ NO PRAZO,-
2026-05-23,RENAN RAMALHO FERNANDES ME,CAMINHÃO,CAMINHÃO,URW8C16,2026-08-21,APROVADO,✅ NO PRAZO,FROTA 73040
